公司简称,公司全称,公司性质,公司规模,公司所在行业,JD数量,公司所在地_1,公司所在地_2,公司排序
21世纪不动产,21世纪不动产,股份制企业/民营企业/合伙企业,2000人以上,家居/建筑/不限/地产经纪)/物业/房地产服务(物业管理/房产,103,天津/四川/北京/安徽,天津/四川/北京/合肥,1
波士顿咨询（BCG),BCG,外资企业,500-2000人,企业服务/咨询,22,上海,上海,1
BIGO LIVE,BIGO,民营企业,2000人以上,游戏/软件/互联网,70,广东,广州,1
CoCo都可,CoCo都可,民营企业,150-500人,餐饮/酒店/旅游/娱乐,1,福建,厦门,2
企鹅FM/喜马拉雅FM/猫耳FM/蜻蜓FM,FM,民营企业,50-150人,百货/快消/批发/零售,24,四川,四川,4
万科,G万科东荟城一分行,民营企业,2000人以上,房产/家居/物业/建筑,10,广东,广州,1
红点影视HDVFX,HD,民营企业,50-150人,互联网/游戏/软件,6,广东,广州,2
UMU,HOUMU,民营企业,15-50人,广告/传媒/公关/展览,16,上海,上海,2
IGG 福州天盟,IGG,外资企业,2000人以上,互联网/游戏/软件,7,福建,福州,1
蔚来,NIO蔚来,民营企业,2000人以上,制造/汽车/机械,62,上海,上海,1
SHEIN,SHEIN,民营企业,2000人以上,游戏/软件/互联网,964,广东,肇庆市/深圳市/广州市,1
昂立STEM/星光文化STARLIGHT/本新VISTON,ST,外资企业,150-500人,通信/电子/硬件,32,广东省,深圳市,4
商汤科技,SenseTime商汤科技,民营企业,2000人以上,互联网/游戏/软件,8,北京,北京,2
Soul,Soul APP,民营企业,500-2000人,互联网/游戏/软件,56,上海,上海,4
Switching Time,Switching Time,民营企业,50-150人,广告/传媒/公关/展览,11,上海,上海,2
T3出行,T3出行,民营企业,500-2000人,互联网/游戏/软件,61,江苏,南京,2
特斯拉,TESLA-特斯拉,外资企业,2000人以上,制造/汽车/机械,448,全国,,1
尚诚同力,Topline尚诚同力,,150-500人,广告/传媒/公关/展览,27,北京,北京,2
YY直播,YY直播,民营企业,500-2000人,互联网/游戏/软件,25,广东,广州,1
万孚生物,万孚生物,民营企业,500-2000人,制药/健康/医疗/生物,197,广东,广州,2
万得信息技术,万得,股份制企业,2000人以上,游戏/软件/互联网,295,上海市/江苏省/广东省,市辖区/南京市/深圳市/苏州市,2
万科/万科企业股份,万科,股份制企业/民营企业,2000人以上,物业/家居/房产/建筑,57,北京/浙江省,北京/嘉兴市,4
万科,万科物业,外资企业/民营企业,2000人以上,家居/建筑/农林牧渔/物业/其他/房产,255,广东省/山东省/浙江,济南市/杭州市/广州市,1
万科,万科祥盈,民营企业,2000人以上,企业服务/咨询,19,四川,四川,1
万科,万科集团,民营企业,2000人以上,物业/家居/房产/建筑,388,广东省,深圳市,1
京东,上海京东,民营企业,2000人以上,交通/物流/贸易,26,上海,上海,1
招商银行,上海招商银行培训中心酒店,国有企业,2000人以上,餐饮/酒店/旅游/娱乐,20,上海,上海,1
链家,上海链家,民营企业,2000人以上,物业/家居/房产/建筑,330,上海,上海,1
龙湖,东北龙湖,民营企业,500-2000人,房产/家居/物业/建筑,11,辽宁,沈阳市,4
东方财富,东方财富,股份制企业,2000人以上,金融/经济/投资/财会,42,上海,上海,2
东海基金,东海基金,民营企业,50-150人,金融/经济/投资/财会,19,上海,上海,2
丝芙兰,丝芙兰 ,外资企业,2000人以上,百货/快消/批发/零售,99,上海,上海,3
中信证券,中信证券,股份制企业/国有企业,2000人以上,投资/财会/经济/金融,113,浙江省/浙江,杭州/杭州市,1
中信证券,中信证券临海营业部,国有企业,15-50人,投资/财会/经济/金融,42,浙江,台州,1
中信证券,中信证券乐清营业部,国有企业,2000人以上,金融/经济/投资/财会,8,浙江,温州,1
中信证券,中信证券文三路营业部,国有企业,15-50人,金融/经济/投资/财会,8,浙江,杭州,1
中信证券,中信证券标山路,国有企业,2000人以上,金融/经济/投资/财会,13,山东,青岛,1
中信证券,中信证券海盐营业部,国有企业,15-50人,金融/经济/投资/财会,8,浙江,嘉兴,1
中信证券,中信证券温州分公司,股份制企业,15-50人,金融/经济/投资/财会,10,浙江,温州,1
中信证券,中信证券湖州劳动路证券营业部,股份制企业,15-50人,金融/经济/投资/财会,10,浙江,湖州,1
中信证券,中信证券长兴营业部,国有企业,15-50人,金融/经济/投资/财会,10,浙江,湖州,1
中关村,中关村科技租赁,国有企业,50-150人,金融/经济/投资/财会,39,北京,北京,2
中兴通讯,中兴,股份制企业,2000人以上,电子/通信/硬件,29,,,1
中原地产,中原地产,民营企业,2000人以上,物业/家居/房产/建筑,192,成都/广东省/广东,成都/东莞市/深圳市/广州市,1
中国人保,中国人保,国有企业,2000人以上,投资/财会/经济/金融,471,贵州,贵阳,1
中国人保,中国人保寿险,国有企业,500-2000人,投资/财会/经济/金融,227,贵州,贵阳,1
中国人寿,中国人寿,行政机关/国有企业,2000人以上,投资/财会/经济/金融,370,江苏/四川/浙江,四川/杭州/南京,1
中国人寿,中国人寿哈分一营,国有企业,500-2000人,金融/经济/投资/财会,37,黑龙江,哈尔滨,1
中国人寿,中国人寿数据中心,国有企业,150-500人,投资/财会/经济/金融,270,北京,北京,1
中国人寿,中国人寿河南分公司,国有企业,2000人以上,金融/经济/投资/财会,89,河南,郑州,1
中国人寿,中国人寿河南国寿旗舰第一品牌团队,国有企业,2000人以上,金融/经济/投资/财会,150,河南,郑州,1
中国人寿,中国人寿第一支公司,国有企业,2000人以上,投资/财会/经济/金融,15,四川,四川,1
中国平安,中国平安,股份制企业,2000人以上,金融/经济/投资/财会,11,上海,上海,1
中国平安,中国平安人寿 ,股份制企业,2000人以上,金融/经济/投资/财会,123,四川,四川,1
中国平安,中国平安人寿保险股份有限公司,民营企业,150-500人,金融/经济/投资/财会,52,重庆市,重庆,1
中国电信,中国电信天翼云,国有企业,2000人以上,游戏/软件/互联网,251,全国,,1
中国金茂控股,中国金茂,国有企业,2000人以上,房产/家居/物业/建筑,3,全国,,4
中国铁建房地产,中国铁建房地产集团中南区域,国有企业,150-500人,房产/家居/物业/建筑,7,湖北,武汉,4
中大咨询,中大咨询,民营企业,500-2000人,企业服务/咨询,34,广东省,广州市,2
乐有家,中山乐有家,民营企业,2000人以上,物业/家居/房产/建筑,137,广东,广州市/中山市/长沙市/东莞市/深圳市,1
乐有家,中山乐有家云锦分行,民营企业,2000人以上,物业/家居/房产/建筑,108,广东,中山市/深圳市,1
乐有家,中山市乐有家,民营企业,2000人以上,物业/家居/房产/建筑,174,广东,中山市/深圳市,1
乐有家,中山市乐有家房地产经纪有限公司,民营企业,2000人以上,物业/家居/房产/建筑,5,全国,,1
乐有家,中山市乐有家远洋天祺分行,民营企业,15-50人,物业/家居/房产/建筑,65,广东,中山市,1
中恒,中恒电气,民营企业,2000人以上,电子/通信/硬件,16,浙江,杭州市,4
中欧基金,中欧基金,外资企业,150-500人,投资/财会/经济/金融,277,上海,上海,1
中环地产,中环地产,民营企业,2000人以上,房产/家居/物业/建筑,6,湖南,长沙,1
中粮/可口可乐,中粮可口可乐（内蒙）,国有企业,500-2000人,百货/快消/批发/零售,20,内蒙古,呼和浩特市,4
中粮,中粮大悦城控股,国有企业,2000人以上,物业/家居/房产/建筑,78,浙江,杭州,2
中粮,中粮肉食,国有企业,2000人以上,农林牧渔/其他,42,北京,北京,2
融信,中腾信金融信息 ,民营企业,500-2000人,金融/经济/投资/财会,14,上海,上海,4
中诚信托,中诚信,民营企业,500-2000人,投资/财会/经济/金融,17,上海,上海,4
中软国际,中软国际,股份制企业,2000人以上,互联网/游戏/软件,18,四川,四川,4
中金公司,中金公司,国有企业,2000人以上,金融/经济/投资/财会,3,北京,北京,1
中青博联,中青博联（原中青旅会展）,股份制企业,500-2000人,公关/传媒/展览/广告,250,北京,北京,2
中青旅联科,中青旅联科,国有企业,15-50人,广告/传媒/公关/展览,24,广东,深圳,2
久谦咨询,久谦咨询,民营企业,150-500人,企业服务/咨询,6,上海,上海,2
乐信,乐信圣文,民营企业,150-500人,游戏/软件/互联网,102,北京,北京,1
乐有家,乐有家,股份制企业/民营企业/社会团体,2000人以上,家居/建筑/不限/物业/房产,3674,广东省/浙江省/山东省/广东/全国/湖南省/湖北/海南省/湖北省/上海市/河南省,市辖区/珠海/惠州/杭州市/阳江/广州市/中山市/烟台市/湛江/省直辖县级行政区划/广州/济南市/武汉/海口市/长沙市/深圳/深圳市,1
乐有家,乐有家房地产,股份制企业,2000人以上,物业/家居/房产/建筑,37,广东,中山市/深圳市,1
乐有家,乐有家控股集团,民营企业,2000人以上,物业/家居/房产/建筑,288,广东省/浙江省/广东/福建省/湖南省/河南省,杭州市/广州市/中山市/厦门市/长沙市/郑州市/深圳市,1
乐有家,乐有家控股集团有限公司,民营企业,2000人以上,物业/家居/房产/建筑,99,广东,深圳,1
乐有家,乐有家星晨二分行,股份制企业,2000人以上,物业/家居/房产/建筑,148,全国,,1
乐有家,乐有家正和中州分公司,民营企业,2000人以上,企业服务/咨询,41,广东,中山市/深圳市,1
九毛九,九毛九餐饮集团,民营企业,2000人以上,酒店/娱乐/餐饮/旅游,6,全国,,2
乾派文化,乾派,民营企业,500-2000人,互联网/游戏/软件,41,广东省,深圳市,1
顺丰,云南顺丰,民营企业,2000人以上,交通/贸易/物流,19,云南,昆明,4
畅游,云畅游戏,股份制企业,150-500人,互联网/游戏/软件,220,北京,北京,2
亚宝药业/亚宝药业股份,亚宝药业,股份制企业,2000人以上,制药/健康/医疗/生物,249,北京,北京,4
亚马逊,亚马逊,外资企业,2000人以上,快消/百货/批发/零售,19,全国,,4
京东/京东健康/京东工业品/京东数字科技/京东方,京东,民营企业,2000人以上,软件/互联网/物流/交通/游戏/贸易,145,成都/四川/湖北,成都/四川/武汉,4
京东,京东五星电器集团有限公司,民营企业,2000人以上,游戏/软件/互联网,211,江苏,南京,1
京东,京东商城,外资企业,2000人以上,互联网/游戏/软件,1,上海,上海,1
京东,京东客服中心,民营企业,2000人以上,游戏/软件/互联网,30,江苏,宿迁,1
京东/京东方,京东方,股份制企业,2000人以上,硬件/电子技术/集成电路/通信/电子/半导体,66,北京/四川,北京/四川,4
京东/京东方,京东方艺云,股份制企业,150-500人,电子/通信/硬件,12,北京,北京,4
京东,京东物流,民营企业,2000人以上,交通/物流/贸易,660,湖南/广东省/北京/陕西,广州市/长沙/西安市/北京/肇庆市/东莞市,1
京东,京东电器,民营企业,2000人以上,快消/百货/批发/零售,23,湖南,长沙,1
京东,京东科技,民营企业,2000人以上,游戏/软件/互联网,940,北京,北京,1
信通,京信通信集团,民营企业,2000人以上,电子/通信/硬件,6,广东省,广州市,4
亮风台信息科技,亮风台,民营企业,150-500人,互联网/游戏/软件,12,广东,广州,4
众安保险,众安保险,外资企业,2000人以上,投资/财会/经济/金融,36,上海,上海,2
宝马,佛山通宝宝马,民营企业,150-500人,汽车/机械/制造,135,广东,佛山,1
佳兆业控股/佳兆业美好,佳兆业,民营企业,2000人以上,房产/家居/物业/建筑,3,广东省,惠州市,4
保利物业,保利物业,国有企业,2000人以上,房产/家居/物业/建筑,147,全国,,1
信也科技,信也科技,民营企业,2000人以上,互联网/游戏/软件,107,上海,上海,1
上海影创信息科技/亮风台信息科技/北京微视威信息科技,信息科技,国有企业,150-500人,电子/通信/硬件,7,上海,上海,4
成都倍特药业股份,倍特药业,民营企业,2000人以上,医疗/健康/制药/生物,28,四川,四川,4
健友股份,健友股份,民营企业,500-2000人,医疗/健康/制药/生物,14,江苏,南京,2
健康元,健康元,民营企业,2000人以上,医疗/健康/制药/生物,117,广东,深圳,1
先健科技,先健科技,外资企业,500-2000人,制药/健康/医疗/生物,19,广东,深圳,2
先声药业,先声药业,民营企业,2000人以上,制药/健康/医疗/生物,164,浙江省/河北省/江西省/安徽省/天津市/四川省,市辖区/南昌市/杭州市/成都市/温州市/合肥市/秦皇岛市,4
康美,全佳康美,民营企业,150-500人,医疗/健康/制药/生物,2,北京,北京,4
兴业银行,兴业银行深圳分行,股份制企业,500-2000人,金融/经济/投资/财会,49,广东,深圳,1
兴盛优选,兴盛优选,民营企业,2000人以上,游戏/软件/互联网,175,湖南,长沙,2
兴银基金,兴银基金,国有企业,50-150人,金融/经济/投资/财会,18,上海,上海,2
凯撒文化,凯撒文化,民营企业,150-500人,互联网/游戏/软件,9,,,3
乐信,创乐信息,民营企业,150-500人,互联网/游戏/软件,17,广东,广州,1
前程无忧,前程无忧,外资企业/民营企业,150-500人,游戏/软件/互联网,56,广东/云南省,广州/昆明市,2
中海物业,北京中海物业,国有企业,2000人以上,物业/家居/房产/建筑,15,北京,北京,1
赛优教育,北京赛优教育有限公司,民营企业,500-2000人,互联网/游戏/软件,29,北京,北京,3
链家,北京链家,民营企业,2000人以上,家居/建筑/地产经纪)/物业/房地产服务(物业管理/房产,156,北京,北京,1
链家,北京链家贝壳,民营企业,2000人以上,房产/家居/物业/建筑,32,北京,北京,1
华为,华为,股份制企业/民营企业,2000人以上,通信/电子/硬件,144,广东/上海,深圳/上海,1
华夏人寿,华夏人寿,股份制企业,150-500人,金融/经济/投资/财会,18,广东,深圳,1
华夏银行,华夏银行,国有企业,2000人以上,金融/经济/投资/财会,23,四川,四川,1
华数传媒,华数传媒,国有企业,2000人以上,电子/通信/硬件,17,浙江,杭州市,2
华润万象生活,华润万象生活,国有企业,2000人以上,物业/家居/房产/建筑,2552,全国,,1
华润三九,华润三九,国有企业,2000人以上,制药/健康/医疗/生物,89,广东,深圳,1
华润双鹤,华润双鹤慢病事业部,国有企业,2000人以上,制药/健康/医疗/生物,97,北京,北京,1
华润置地,华润置地,民营企业,2000人以上,物业/家居/房产/建筑,45,成都/广西/吉林省/湖北省,成都/南宁/武汉市/长春市,4
华润置地,华润置地海南公司,外资企业,150-500人,房产/家居/物业/建筑,15,海南,海口,4
华润置地,华润置地珠海公司,国有企业,150-500人,房产/家居/物业/建筑,14,广东,珠海,4
华润置地,华润置地（上海）,民营企业,150-500人,物业/家居/房产/建筑,87,上海市/浙江省,温州市,4
卓越商企服务,卓越商企服务,民营企业,2000人以上,房产/家居/物业/建筑,61,全国,,2
德佑,南京德佑仁恒公园世纪店,民营企业,15-50人,房产/家居/物业/建筑,12,江苏,南京,1
宝马,南充通源宝马,民营企业,150-500人,汽车/机械/制造,21,四川,南充,1
南方基金,南方基金,国有企业,500-2000人,投资/财会/经济/金融,102,广东,深圳,1
北京视博云科技,博云,民营企业,500-2000人,游戏/软件/互联网,663,江苏,苏州,4
博彦科技,博彦科技,民营企业,500-2000人,游戏/软件/互联网,34,广东省,广州市,4
叠纸游戏,叠纸游戏,民营企业,500-2000人,游戏/软件/互联网,546,上海,上海,1
叮咚买菜,叮咚买菜,民营企业,2000人以上,游戏/软件/互联网,225,全国,,2
合富置业,合富置业,民营企业,2000人以上,物业/家居/房产/建筑,24,广东省,广州市,1
吉利汽车,吉利,民营企业,2000人以上,汽车/机械/制造,63,山东,淄博,1
吉比特,吉比特,股份制企业,500-2000人,游戏/软件/互联网,362,福建,厦门市/深圳市/广州市,2
同仁堂,同仁堂医养集团,国有企业,50-150人,企业服务/咨询,235,北京,北京,1
同心动力,同心,民营企业,500-2000人,百货/快消/批发/零售,26,全国,,2
周生生,周生生,民营企业,2000人以上,其他/农林牧渔,61,广东省,佛山市/广州市,2
呷哺呷哺,呷哺呷哺,民营企业,2000人以上,酒店/娱乐/餐饮/旅游,65,天津,天津,1
Bilibili（哔哩哔哩）/哔哩哔哩,哔哩哔哩,民营企业,2000人以上,游戏/软件/互联网,71,上海,上海,4
哪吒汽车,哪吒汽车,民营企业,2000人以上,制造/汽车/机械,146,上海,上海,1
嘉事堂,嘉事堂药业,股份制企业,2000人以上,医疗/健康/制药/生物,21,北京,北京,1
德佑,嘉仕行德佑地产,民营企业,50-150人,物业/家居/房产/建筑,23,天津,天津,1
嘉士伯,嘉士伯啤酒 ,外资企业,2000人以上,百货/快消/批发/零售,84,广东,广州,2
嘉楠耘智,嘉楠,民营企业,150-500人,电子/通信/硬件,355,北京,北京,2
国信证券,国信证券浙江分公司,国有企业,500-2000人,投资/财会/经济/金融,16,浙江,杭州市,1
国泰君安,国泰君安,股份制企业,少于15人,金融/经济/投资/财会,10,广东省,深圳市,1
国泰君安,国泰君安北京望京营业部,股份制企业,2000人以上,金融/经济/投资/财会,38,北京,北京,1
国泰君安,国泰君安期货,国有企业,500-2000人,金融/经济/投资/财会,41,上海,上海,1
国泰君安,国泰君安风险管理,国有企业,50-150人,投资/财会/经济/金融,32,上海,上海,1
国泰基金,国泰基金,外资企业,150-500人,互联网/游戏/软件,42,上海市,市辖区,1
土豆,土豆数据,民营企业,150-500人,游戏/软件/互联网,130,陕西,西安,1
地平线/地平线机器人,地平线,外资企业,500-2000人,游戏/软件/互联网,165,江苏,南京,4
埃森哲,埃森哲,外资企业,2000人以上,游戏/软件/互联网,352,全国,,1
基蛋生物,基蛋生物,股份制企业,500-2000人,制药/健康/医疗/生物,55,江苏省,南京市,2
壹网壹创,壹网壹创,民营企业,500-2000人,互联网/游戏/软件,32,,,3
复旦张江,复旦张江,股份制企业,500-2000人,制药/健康/医疗/生物,562,上海,上海,2
复星医药,复星医药疫苗事业部,民营企业,2000人以上,医疗/健康/制药/生物,8,上海,上海,1
多益网络,多益网络,股份制企业/民营企业,2000人以上,游戏/软件/互联网,1206,广东/广东省,广州/广州市,1
大博医疗,大博医疗,民营企业,2000人以上,制药/健康/医疗/生物,54,福建,厦门,2
大参林,大参林集团,股份制企业,2000人以上,医疗/健康/制药/生物,4,广东省,广州市,1
大悦城控股股份,大悦城控股,民营企业,2000人以上,房产/家居/物业/建筑,1,湖北省,武汉市,4
中原地产,天津中原地产,外资企业,500-2000人,物业/家居/房产/建筑,24,天津,天津,1
链家,天津链家,民营企业,2000人以上,房产/家居/物业/建筑,28,天津,天津,1
链家,天津链家地产有限公司,民营企业,500-2000人,房产/家居/物业/建筑,10,天津,天津,1
天风证券,天风证券,股份制企业,2000人以上,投资/财会/经济/金融,82,上海市/北京市,市辖区,2
太二酸菜鱼,太二酸菜鱼,民营企业,2000人以上,酒店/娱乐/餐饮/旅游,52,全国,,2
太平洋,太平洋健康险,国有企业,150-500人,金融/经济/投资/财会,23,上海,上海,2
太平洋,太平洋网络,民营企业,500-2000人,互联网/游戏/软件,37,广东,市辖区,2
太平洋,太平洋证券,民营企业,500-2000人,金融/经济/投资/财会,28,北京,北京,2
太极,太极风控,民营企业,50-150人,互联网/游戏/软件,12,天津,天津,4
奥比中光,奥比中光,民营企业,500-2000人,通信/电子/硬件,83,广东,深圳,1
奥美,奥美体育,合伙企业,15-50人,教育/培训,4,广东,东莞市,1
奥飞娱乐/奥飞娱乐ALPHA,奥飞娱乐,股份制企业,2000人以上,公关/传媒/展览/广告,233,广东,广州,4
好大夫在线,好大夫在线,民营企业,500-2000人,互联网/游戏/软件,10,北京,北京,3
好看视频,好看,民营企业,50-150人,游戏/软件/互联网,18,北京,北京,1
鱼得水,如鱼得水窗帘,民营企业,500-2000人,百货/快消/批发/零售,71,浙江,杭州,2
字节跳动,字节跳动,民营企业,2000人以上,游戏/软件/互联网,253,北京,北京,2
学而思网校,学而思,民营企业,2000人以上,培训/教育,41,广东/广东省,佛山市/广州市/海口市/长沙市/郑州市,3
宁波银行,宁波银行,民营企业,2000人以上,金融/经济/投资/财会,13,上海,上海,2
宁波银行,宁波银行上海分行,民营企业,500-2000人,金融/经济/投资/财会,26,上海,上海,2
宁波银行,宁波银行北京分行,股份制企业,2000人以上,金融/经济/投资/财会,10,北京,北京,2
宁波银行,宁波银行台州分行,股份制企业,2000人以上,金融/经济/投资/财会,53,浙江,台州,2
宁波银行,宁波银行温州分行,中外合资企业,500-2000人,金融/经济/投资/财会,62,浙江,温州,2
宁波银行,宁波银行股份有限公司嘉兴分行,股份制企业,500-2000人,金融/经济/投资/财会,118,浙江,嘉兴,2
安居客,安居客,股份制企业,2000人以上,互联网/游戏/软件,32,上海,上海,1
安永帕特侬（博智隆）,安永,民营企业,500-2000人,投资/财会/经济/金融,26,海南省/云南省,昆明市/海口市,1
安踏,安踏上海分公司,民营企业,2000人以上,快消/百货/批发/零售,17,上海,上海,3
安踏,安踏体育用品集团,民营企业,2000人以上,百货/快消/批发/零售,502,福建,厦门,3
完美世界/完美世界影视,完美世界,民营企业,50-150人,游戏/软件/互联网,98,重庆,市辖区,4
宜信,宜信财富,民营企业,2000人以上,互联网/游戏/软件,10,北京,北京,1
立白,宝凯道融（立白金控）,民营企业,50-150人,投资/财会/经济/金融,67,广东省,广州市,2
宝莱特,宝莱特,股份制企业,500-2000人,制药/健康/医疗/生物,306,广东省,珠海市,3
宝马,宝马诚迈信息技术有限公司,外资企业,150-500人,互联网/游戏/软件,25,江苏,南京,1
宝龙地产控股,宝龙地产,民营企业,2000人以上,物业/家居/房产/建筑,55,上海,上海,4
实习僧,实习僧校招内推助手,民营企业,50-150人,游戏/软件/互联网,1117,北京,北京,4
宠爱国际,宠爱国际,民营企业,500-2000人,医疗/健康/制药/生物,4,北京,北京,1
寒武纪,寒武纪行歌,民营企业,50-150人,电子/通信/硬件,119,江苏,南京,1
尊宝比萨,尊宝比萨,民营企业,2000人以上,餐饮/酒店/旅游/娱乐,3,广东,广州市,2
小熊电器,小熊电器,民营企业,2000人以上,制造/汽车/机械,50,广东,佛山,3
小米/小米直播/小米金融,小米,民营企业,2000人以上,硬件/软件/互联网/通信/电子/游戏,3,北京/全国,北京,4
小鹏汽车,小鹏汽车,民营企业,2000人以上,互联网/游戏/软件,28,广东,广州,1
顺丰,山东顺丰速运有限公司,民营企业,2000人以上,交通/贸易/物流,20,山东,济南,4
帆软,帆软,民营企业,500-2000人,互联网/游戏/软件,60,,,4
帆软,帆软软件,民营企业,500-2000人,游戏/软件/互联网,642,江苏,无锡,4
平安银行,平安银行,股份制企业,2000人以上,金融/经济/投资/财会,15,重庆市,重庆,1
平安银行,平安银行福州分行,股份制企业,500-2000人,金融/经济/投资/财会,28,福建,福州市,1
链家,广东链家房地产有限公司,民营企业,2000人以上,房产/家居/物业/建筑,10,广东,广州市,1
广发证券,广发证券,股份制企业,2000人以上,投资/财会/经济/金融,304,,,1
广和通,广和通,股份制企业,2000人以上,电子/通信/硬件,9,广东,深圳,1
乐有家,广州乐有家,民营企业,2000人以上,物业/家居/房产/建筑,19,广东,广州市,1
顺丰,广州顺丰,股份制企业,2000人以上,交通/物流/贸易,44,广东,广州,4
龙湖,广州龙湖,民营企业,2000人以上,物业/家居/房产/建筑,29,广东,广州,4
广电运通,广电运通•智能科技,国有企业,150-500人,互联网/游戏/软件,149,广东,广州,1
广联达,广联达,股份制企业,2000人以上,游戏/软件/互联网,72,辽宁/北京,沈阳市/北京,2
广联达,广联达天津分公司,股份制企业,2000人以上,互联网/游戏/软件,20,天津,天津,2
广联达,广联达山西分支,民营企业,2000人以上,互联网/游戏/软件,17,山西,太原,2
度小满金融,度小满,民营企业,2000人以上,游戏/软件/互联网,368,全国,,1
康师傅,康师傅,外资企业,2000人以上,百货/快消/批发/零售,46,湖北/上海,武汉/上海,3
康师傅,康师傅饮品,外资企业,500-2000人,快消/百货/批发/零售,6,河南,郑州,3
建发房地产,建发,民营企业,150-500人,交通/贸易/物流,7,上海,上海,4
开课吧,开课吧,民营企业,2000人以上,培训/教育,173,北京,北京,1
弘阳地产,弘阳地产,民营企业,500-2000人,房产/家居/物业/建筑,12,江苏省,南京市,4
影谱科技,影谱科技,民营企业,150-500人,互联网/游戏/软件,12,上海,上海,1
得物,得物,民营企业,500-2000人,互联网/游戏/软件,2,广东,广州,3
得物,得物App,民营企业,500-2000人,互联网/游戏/软件,29,上海,上海,3
微创医疗,微创,民营企业,150-500人,医疗/健康/制药/生物,88,上海,上海,1
微软,微软,外资企业,2000人以上,游戏/软件/互联网,64,上海,上海,4
德佑/链家,德佑房地产（上海链家）,民营企业,2000人以上,物业/家居/房产/建筑,35,上海,上海,4
德勤摩立特,德勤,外资企业,2000人以上,企业服务/咨询,76,辽宁,大连,1
快手/快手极速版,快手,民营企业,2000人以上,游戏/软件/互联网,101,北京,北京,4
深思创芯,思创,民营企业,50-150人,电子/通信/硬件,4,湖北省,武汉市,2
恒瑞医药/江苏恒瑞医药股份,恒瑞医药,股份制企业,2000人以上,医疗/健康/制药/生物,14,上海,上海,4
恒辉物业,恒辉,合伙企业,50-150人,快消/百货/批发/零售,46,江苏,南京,3
恺英网络,恺英网络,民营企业,500-2000人,互联网/游戏/软件,128,上海,上海,3
乐有家,成都乐有家,民营企业,2000人以上,房产/家居/物业/建筑,11,四川,四川,1
我爱我家,我爱我家,民营企业,2000人以上,房产/家居/物业/建筑,11,浙江,杭州,1
找钢网,找钢网,股份制企业,500-2000人,互联网/游戏/软件,16,上海,上海,3
招商证券,招商证券沪翔殷,国有企业,2000人以上,投资/财会/经济/金融,73,上海,上海,1
招商证券,招商证券深圳湾营业部,国有企业,150-500人,金融/经济/投资/财会,65,广东,深圳,1
招商银行,招商银行,股份制企业/民营企业,2000人以上,经济/软件/金融/互联网/财会/投资/游戏,72,成都/贵州,成都/贵阳,1
拼多多,拼多多,民营企业,2000人以上,游戏/软件/互联网,14,上海,上海,1
搜狐,搜狐,民营企业,2000人以上,游戏/软件/互联网,175,北京,北京,2
搜狐/畅游,搜狐畅游,民营企业,500-2000人,互联网/游戏/软件,53,北京,北京,4
携程,携程旅行网,民营企业,2000人以上,互联网/游戏/软件,17,四川省,成都市,2
数坤科技,数坤科技,民营企业,500-2000人,游戏/软件/互联网,86,北京,北京,1
斑马快跑/斑马网络,斑马,民营企业,500-2000人,互联网/游戏/软件,45,上海,上海,4
新东方在线（东方创科）,新东方,民营企业,2000人以上,培训/教育,156,广东省/江苏/全国/北京/成都/浙江,南京/广州市/珠海市/杭州/北京/成都,1
新浪/新浪微直播,新浪,外资企业,2000人以上,互联网/游戏/软件,17,北京,北京,4
新网银行,新网银行,股份制企业,500-2000人,投资/财会/经济/金融,105,四川,四川,2
方正证券,方正证券,股份制企业,2000人以上,投资/财会/经济/金融,107,北京,北京,2
时识科技,时识科技,民营企业,50-150人,通信/电子/硬件,64,四川,四川,2
旷视科技,旷视科技,民营企业,2000人以上,游戏/软件/互联网,247,北京,北京,2
明略科技,明略科技集团,民营企业,2000人以上,游戏/软件/互联网,258,全国,,1
星思半导体,星思,民营企业,50-150人,通信/电子/硬件,83,上海,上海,2
映客,映客直播,民营企业,500-2000人,游戏/软件/互联网,155,江西省/广东省,广州市,1
映翰通,映翰通,股份制企业,150-500人,游戏/软件/互联网,29,成都,成都,3
普华永道思略特（Strategy&）,普华永道,民营企业,500-2000人,企业服务/咨询,92,四川,四川,1
智慧树,智慧树网,民营企业,500-2000人,教育/培训,49,上海,上海,3
融信,智融信达,民营企业,15-50人,金融/经济/投资/财会,4,广东,深圳,4
曦华科技,曦华科技,民营企业,50-150人,电子/通信/硬件,6,广东,深圳,2
朗坤智慧,朗坤智慧,股份制企业,500-2000人,游戏/软件/互联网,35,江苏省,南京市,2
朗姿,朗姿韩亚资管,外资企业,15-50人,金融/经济/投资/财会,5,北京,北京,3
奔驰,梅赛德斯-奔驰,外资企业,2000人以上,制造/汽车/机械,149,全国,,1
欧莱雅,欧莱雅 ,外资企业,2000人以上,百货/快消/批发/零售,61,上海,上海,1
欧莱雅,欧莱雅-百库电商,民营企业,500-2000人,互联网/游戏/软件,57,广东,广州市,1
苏宁易购,武汉苏宁易购江夏连锁店,民营企业,2000人以上,快消/百货/批发/零售,16,湖北,武汉,2
汉高,武汉高途课堂,民营企业,500-2000人,培训/教育,18,湖北,武汉,2
比亚迪/比亚迪半导体,比亚迪,民营企业,2000人以上,制造/汽车/机械,38,广东,深圳,4
广联达,江西广联达,民营企业,50-150人,互联网/游戏/软件,46,江西,南昌,2
顺丰,江西顺丰,民营企业,2000人以上,交通/贸易/物流,19,江西,南昌,4
汤姆猫,汤姆猫产业,合伙企业,15-50人,餐饮/酒店/旅游/娱乐,55,广东,广州,3
沃尔沃,沃尔沃汽车台州工厂,外资企业,2000人以上,汽车/机械/制造,88,浙江,台州,2
沐曦集成电路,沐曦集成电路,民营企业,500-2000人,通信/电子/硬件,75,上海,上海,1
乐有家,河源乐有家,民营企业,50-150人,房产/家居/物业/建筑,37,广东,河源,1
微软,泛微软件,民营企业,2000人以上,互联网/游戏/软件,10,北京,北京,4
泰信基金,泰信基金管理有限公司,国有企业,50-150人,金融/经济/投资/财会,33,上海,上海,2
泰康人寿,泰康人寿 ,股份制企业,500-2000人,金融/经济/投资/财会,10,河北,石家庄,1
泰康人寿,泰康人寿天津分公司,民营企业,150-500人,投资/财会/经济/金融,35,天津,天津,1
泰康人寿,泰康人寿青岛分公司,民营企业,2000人以上,金融/经济/投资/财会,23,山东省,,1
泰康在线,泰康在线,股份制企业,500-2000人,投资/财会/经济/金融,822,北京,北京,2
泰豪创意科技股份,泰豪,股份制企业,500-2000人,游戏/软件/互联网,29,北京,北京,4
华为,浙江华为,民营企业,500-2000人,互联网/游戏/软件,17,浙江,杭州,1
链家,浙江链家,民营企业,2000人以上,房产/家居/物业/建筑,14,浙江,杭州,1
浪潮/浪潮云,浪潮,民营企业,2000人以上,游戏/软件/互联网,30,山东省,济南市,4
浪潮,浪潮工业互联网,国有企业,500-2000人,互联网/游戏/软件,95,山东,济南,4
浪潮,浪潮通用软件,民营企业,2000人以上,游戏/软件/互联网,103,山东,济南,4
浪潮,浪潮集团,国有企业,2000人以上,通信/电子/硬件,30,北京,北京,4
海康威视,海康威视,股份制企业,2000人以上,电子/通信/硬件,33,浙江,杭州,1
润建股份,润建股份,民营企业,2000人以上,电子/通信/硬件,23,安徽,合肥市,2
润建股份,润建股份有限公司,股份制企业,2000人以上,通信/电子/硬件,206,广西,南宁,2
乐有家,深圳乐有家控股集团,,2000人以上,地产经纪)/房地产服务(物业管理,106,全国,全国,1
乐有家,深圳市乐有家控股集团,民营企业,2000人以上,房产/家居/物业/建筑,15,广东,,1
链家,深圳链家,民营企业,2000人以上,物业/家居/房产/建筑,18,广东省,深圳市,1
龙湖,深圳龙湖,民营企业,150-500人,房产/家居/物业/建筑,1,广东省,深圳市,4
游族/游族网络,游族网络,民营企业,500-2000人,游戏/软件/互联网,121,上海,上海,4
乐有家,湛江乐有家,民营企业,2000人以上,物业/家居/房产/建筑,62,广东,湛江,1
乐有家,湛江市乐有家房产经纪有限公司盛和园分公司,民营企业,2000人以上,房产/家居/物业/建筑,25,广东,湛江,1
爱康医疗,爱康医疗,民营企业,500-2000人,制药/健康/医疗/生物,110,北京,北京,3
爱德曼,爱德曼,外资企业,50-150人,农林牧渔/其他,6,北京,北京,1
猿辅导,猿辅导 ,民营企业,500-2000人,互联网/游戏/软件,8,辽宁,沈阳,1
玛雅房屋,玛雅房屋,民营企业,50-150人,物业/家居/房产/建筑,56,四川,四川,2
环球网校,环球网校,股份制企业,2000人以上,培训/教育,74,天津,天津,2
广东珠江投资股份,珠江投资,民营企业,500-2000人,物业/家居/房产/建筑,42,上海,上海,4
万科,珠海万科,股份制企业,500-2000人,房产/家居/物业/建筑,7,广东,珠海市,1
乐有家,珠海乐有家,股份制企业,2000人以上,房产/家居/物业/建筑,8,广东,珠海,1
理想汽车,理想汽车,民营企业,2000人以上,软件/互联网/汽车/机械/制造/游戏,8872,北京,北京,1
白云山,白云山和黄中药,外资企业,500-2000人,制药/健康/医疗/生物,190,广东,广州,1
百丽,百丽,民营企业,500-2000人,软件/互联网/快消/百货/零售/批发/游戏,37,广东/四川,四川/深圳,3
百丽,百丽国际,民营企业,2000人以上,百货/快消/批发/零售,42,广东,深圳,3
百丽,百丽新零售,民营企业,2000人以上,游戏/软件/互联网,99,广东省,深圳市,3
百信银行,百信银行,股份制企业,500-2000人,互联网/游戏/软件,52,北京,北京,2
百威英博,百威,外资企业,500-2000人,百货/快消/批发/零售,200,广东/河南/湖北,广州/郑州/武汉,2
百威英博,百威英博,外资企业,500-2000人,快消/百货/批发/零售,22,上海市,,2
百度/百度书城/百度智能云,百度,外资企业,2000人以上,游戏/软件/互联网,61,北京,北京,4
百思特,百思特赛乐,民营企业,50-150人,快消/百货/批发/零售,4,广东,深圳,2
百济神州-U,百济神州,民营企业,2000人以上,制药/健康/医疗/生物,81,全国,,1
百胜,百胜中国-Lavazza意百咖啡,股份制企业,2000人以上,餐饮/酒店/旅游/娱乐,23,上海,上海,4
百胜,百胜餐饮,外资企业,2000人以上,酒店/娱乐/餐饮/旅游,92,广东,深圳,4
盈峰环境,盈峰环境,民营企业,2000人以上,化工/能源/环保,5,广东,佛山,1
盈峰环境,盈峰环境-盈合城市服务,股份制企业,2000人以上,化工/能源/环保,53,广东,佛山,1
省广,省广博,外资企业,150-500人,公关/传媒/展览/广告,115,广东省,广州市,4
省广,省广汽车营销,民营企业,150-500人,广告/传媒/公关/展览,2,广东,广州,4
省广,省广集团,股份制企业,2000人以上,公关/传媒/展览/广告,100,上海市/广东省,市辖区/广州市,4
睦星科技,睦星科技,民营企业,15-50人,通信/电子/硬件,58,北京,北京,1
碧桂园/碧桂园控股,碧桂园,民营企业,2000人以上,房产/家居/物业/建筑,12,广东,东莞市,4
碧桂园,碧桂园·顺茵公司,民营企业,2000人以上,物业/家居/房产/建筑,30,广东,佛山,1
碧桂园,碧桂园农业 ,民营企业,2000人以上,农林牧渔/其他,6,广东,佛山,1
碧桂园,碧桂园商业,民营企业,2000人以上,物业/家居/房产/建筑,235,全国,,1
碧桂园,碧桂园服务,外资企业,2000人以上,物业/家居/房产/建筑,24,广东,江门,1
碧桂园,碧桂园集团 ,民营企业,2000人以上,物业/家居/房产/建筑,601,广东省,佛山市,1
神州控股,神州控股,股份制企业,2000人以上,电子/通信/硬件,9,北京,北京,1
科华,科华数据,股份制企业,2000人以上,通信/电子/硬件,78,福建,厦门,4
科大讯飞/科大讯飞股份,科大讯飞,股份制企业,2000人以上,游戏/软件/互联网,109,安徽,合肥,4
立白,立白集团,民营企业,2000人以上,百货/快消/批发/零售,36,广东,广州,2
第一创业,第一创业证券,股份制企业,500-2000人,投资/财会/经济/金融,98,,,2
米哈游,米哈游,股份制企业,500-2000人,游戏/软件/互联网,20,上海,上海,1
米未传媒,米未传媒,民营企业,150-500人,公关/传媒/展览/广告,29,北京,北京,1
天津红日药业股份/红日药业,红日药业,股份制企业,2000人以上,制药/健康/医疗/生物,50,全国,,4
绿城服务,绿城服务济南分公司,民营企业,2000人以上,房产/家居/物业/建筑,30,山东,济南,1
网宿科技,网宿科技,股份制企业,2000人以上,互联网/游戏/软件,23,上海市,市辖区,1
网易/网易有道,网易有道,民营企业,2000人以上,游戏/软件/互联网,207,浙江省/江苏省/北京市/四川/北京/安徽省,市辖区/南京市/杭州市/合肥市/北京,4
网易/网易有道,网易有道西安基地,民营企业,2000人以上,培训/教育,252,陕西,西安,4
网梯科技,网梯科技,民营企业,150-500人,互联网/游戏/软件,33,北京,北京,3
海天网联,网联,民营企业,150-500人,游戏/软件/互联网,70,北京,北京,2
网龙,网龙网络公司,民营企业,2000人以上,互联网/游戏/软件,28,福建省,福州市,1
美团点评,美团,民营企业,2000人以上,游戏/软件/互联网,38,北京/湖北,北京/武汉,1
美的置业,美的置业,民营企业,2000人以上,物业/家居/房产/建筑,31,广东/湖南/全国,佛山/长沙市,4
美的置业,美的置业广告公司,民营企业,150-500人,广告/传媒/公关/展览,13,全国,,4
联合利华,联合利华,中外合资企业/外资企业,2000人以上,化工/环保/能源/快消/百货/零售/批发,14,四川/上海,眉山/上海,1
联建,联建建设,民营企业,少于15人,物业/家居/房产/建筑,25,广东,广州,4
众联想/联想新视界科技,联想,民营企业,2000人以上,游戏/软件/互联网,21,北京,北京,4
联络互动,联络互动,股份制企业,500-2000人,互联网/游戏/软件,6,北京,北京,3
腾讯/腾讯影业/腾讯微视/腾讯游戏/腾讯课堂/腾讯金融科技,腾讯,民营企业,2000人以上,互联网/游戏/软件,5,四川,四川,4
自如,自如网,民营企业,2000人以上,家居/软件/建筑/互联网/物业/房产/游戏,73,北京/浙江省,北京/杭州市,2
致远互联,致远互联,民营企业,500-2000人,互联网/游戏/软件,24,北京,北京,2
芯原微电子,芯原,民营企业,500-2000人,电子/通信/硬件,98,四川,四川,1
苏宁易购,苏宁易购,民营企业,2000人以上,互联网/游戏/软件,35,广东省,深圳市,2
大禹网络,苏州大禹网络,民营企业,500-2000人,广告/传媒/公关/展览,36,江苏,苏州,1
英特,英特体育,外资企业,150-500人,快消/百货/批发/零售,28,广东省,深圳市,4
英科医疗,英科医疗,股份制企业/民营企业,2000人以上,制药/健康/医疗/生物,153,山东,淄博,1
菜鸟,菜鸟传媒,民营企业,15-50人,企业服务/咨询,33,天津,天津,4
菜鸟,菜鸟网络,民营企业,2000人以上,交通/贸易/物流,2,浙江,杭州,4
菜鸟,菜鸟网络供应链,民营企业,2000人以上,互联网/游戏/软件,3,江苏,南京,4
实习僧,萌想科技（实习僧）,民营企业,150-500人,游戏/软件/互联网,258,北京,北京,4
蓝月亮,蓝月亮,民营企业,2000人以上,化工/能源/环保/快消/百货/零售/批发,240,广东/全国,广州,2
蔚来,蔚来汽车,民营企业/外资企业,2000人以上,软件/互联网/汽车/机械/制造/游戏,114,浙江省/上海,宁波市/上海,1
蚂蚁金服,蚂蚁金服,民营企业,2000人以上,互联网/游戏/软件,12,浙江,杭州,1
融创中国控股/融创服务,融创,民营企业,2000人以上,物业/家居/房产/建筑,36,江苏,苏州,4
融创服务,融创服务,股份制企业/民营企业,2000人以上,物业/家居/房产/建筑,109,广东/上海,深圳/上海,1
融创服务,融创服务集团,民营企业,2000人以上,物业/家居/房产/建筑,53,江苏,无锡市,1
龙湖,西北龙湖智慧服务,民营企业,2000人以上,房产/家居/物业/建筑,34,陕西,西安,4
链家,西安链家,民营企业,2000人以上,房产/家居/物业/建筑,5,陕西,西安,1
西山居,西山居,民营企业,2000人以上,游戏/软件/互联网,898,广东/湖北省,珠海/武汉市,1
课观教育,课观教育,民营企业,500-2000人,教育/培训,15,北京,北京,2
贝壳找房/贝壳找房科技,贝壳找房,股份制企业/民营企业,2000人以上,物业/家居/房产/建筑,107,天津/山东/浙江/陕西,天津/杭州/青岛/西安,4
贝壳找房,贝壳找房南京站,民营企业,2000人以上,物业/家居/房产/建筑,8,江苏,南京,1
贝壳找房,贝壳找房苏州站,民营企业,2000人以上,房产/家居/物业/建筑,1,江苏,苏州,1
贝达药业,贝达药业,外资企业,500-2000人,医疗/健康/制药/生物,37,,,2
乐有家,贵阳市乐有家房产经纪有限公司龙慧苑分公司,民营企业,2000人以上,房产/家居/物业/建筑,67,贵州,贵阳,1
赛诺菲（中国）投资/赛诺菲（杭州）制药,赛诺,,50-150人,其他/农林牧渔,31,广东省/贵州省,贵阳市/广州市,4
趣加FunPlus,趣加,民营企业,150-500人,游戏/软件/互联网,93,全国,,1
软通动力,软通动力,外资企业/民营企业,2000人以上,硬件/软件/互联网/通信/电子/游戏,34,河北/北京,北京/张家口,4
软通动力,软通动力信息技术(集团)股份有限公司,民营企业,2000人以上,互联网/游戏/软件,4,北京,北京,4
信达生物制药（苏州）,达生,民营企业,500-2000人,广告/传媒/公关/展览,10,广东省,广州市,4
远光软件,远光软件,股份制企业,2000人以上,互联网/游戏/软件,73,湖北省,武汉市,2
迪安诊断,迪安诊断,民营企业,2000人以上,制药/健康/医疗/生物,168,江西/浙江,杭州/南昌,1
途虎养车,途虎养车,外资企业,2000人以上,互联网/游戏/软件,13,上海,上海,2
酷家乐,酷家乐,民营企业,500-2000人,互联网/游戏/软件,13,浙江,杭州,3
顺丰,金华顺丰,民营企业,2000人以上,交通/物流/贸易,58,浙江,金华,4
金地智慧服务,金地智慧服务上海分公司,民营企业,2000人以上,物业/家居/房产/建筑,23,上海,上海,1
金山,金山软件,外资企业,2000人以上,互联网/游戏/软件,52,湖北,武汉,4
金泰,金泰伦 ,民营企业,15-50人,游戏/软件/互联网,149,北京,北京,4
金科服务,金科服务,股份制企业/民营企业,2000人以上,物业/家居/房产/建筑,131,四川/陕西,泸州/西安,1
金科服务,金科服务重庆公司,民营企业,2000人以上,房产/家居/物业/建筑,63,重庆市,重庆,1
金融壹账通,金融壹账通,民营企业,2000人以上,金融/经济/投资/财会,13,上海,上海,2
银联商务,银联商务,民营企业,500-2000人,投资/财会/经济/金融,109,江苏省,南京市/苏州市,2
链家,链家,民营企业,2000人以上,物业/家居/房产/建筑,35,成都/北京/江苏,成都/北京/南京,1
链家,链家地产,民营企业/股份制企业/外资企业,2000人以上,物业/家居/房产/建筑,27,北京/吉林省/湖北/辽宁省,北京/长春市/大连市/武汉,1
龙湖,长春龙湖地产公司,股份制企业,2000人以上,房产/家居/物业/建筑,11,全国,,4
万科,长沙万科物业,民营企业,2000人以上,房产/家居/物业/建筑,16,湖南,长沙,1
尊宝比萨,长沙尊宝比萨,合伙企业,150-500人,餐饮/酒店/旅游/娱乐,2,湖南,长沙,2
龙湖,长沙龙湖,民营企业,50-150人,房产/家居/物业/建筑,14,湖南省,长沙市,4
阳普医疗,阳普医疗,股份制企业,500-2000人,制药/健康/医疗/生物,275,广东省,广州市,3
阿迪达斯,阿迪达斯商务 ,外资企业,150-500人,快消/百货/批发/零售,12,辽宁省,大连市,2
阿里云/阿里云教育,阿里云,股份制企业,2000人以上,互联网/游戏/软件,20,浙江,杭州,4
阿里巴巴,阿里巴巴,民营企业,2000人以上,游戏/软件/互联网,146,北京/浙江省/全国/浙江,北京/杭州/杭州市,1
阿里影业,阿里影业,民营企业,500-2000人,互联网/游戏/软件,6,北京,北京,1
陆金所,陆金所,股份制企业,500-2000人,金融/经济/投资/财会,78,上海,上海,1
陌陌,陌陌科技,民营企业,500-2000人,游戏/软件/互联网,489,北京,北京,4
隆平高科,隆平高科,股份制企业,2000人以上,其他/农林牧渔,54,湖南,长沙,2
雅生活,雅居乐雅生活,股份制企业,2000人以上,物业/家居/房产/建筑,120,广东省,广州市,1
雅生活,雅居乐雅生活集团,股份制企业,2000人以上,物业/家居/房产/建筑,72,广东,广州,1
雨润,雨润集团,股份制企业/民营企业,2000人以上,百货/快消/批发/零售,38,全国/江苏,南京,4
零跑汽车,零跑汽车,民营企业,2000人以上,制造/汽车/机械,338,浙江,杭州,1
顺丰/顺丰科技,顺丰,民营企业,2000人以上,交通/物流/贸易,518,广东省/江苏/广东/湖北省/新疆,惠州/鄂州市/无锡/深圳市/乌鲁木齐,4
顺丰,顺丰东莞 ,民营企业,2000人以上,交通/贸易/物流,32,广东省,东莞市,4
顺丰,顺丰丰享,民营企业,150-500人,互联网/游戏/软件,39,广东,深圳,4
顺丰,顺丰公司,民营企业,2000人以上,交通/贸易/物流,19,吉林,长春,4
顺丰,顺丰同城,民营企业,500-2000人,交通/贸易/物流,18,湖北,武汉,4
顺丰,顺丰同城科技,民营企业,500-2000人,互联网/游戏/软件,28,全国,,4
顺丰,顺丰快递,民营企业,2000人以上,交通/物流/贸易,31,江苏,南通,4
顺丰,顺丰速运,股份制企业/民营企业,2000人以上,交通/物流/不限/贸易,382,河北/广东/辽宁/福建/北京/安徽,泉州/厦门/中山市/北京/石家庄/廊坊/沈阳/合肥,4
顺丰,顺丰速运有限公司,民营企业,2000人以上,交通/贸易/物流,43,上海,上海,4
马应龙,马应龙,国有企业,150-500人,快消/百货/批发/零售,5,湖北,武汉,2
马蜂窝,马蜂窝,民营企业,500-2000人,游戏/软件/互联网,97,北京,北京,3
高顿网校,高顿,民营企业,2000人以上,培训/教育,23,广东,珠海,1
龙光,龙光服务,民营企业,2000人以上,房产/家居/物业/建筑,101,四川,四川,4
北京龙图游戏,龙图游戏,民营企业,500-2000人,游戏/软件/互联网,231,北京,北京,2
龙湖,龙湖地产,民营企业/外资企业,2000人以上,物业/家居/房产/建筑,33,河北省/江西省/湖北省/江苏,南京/武汉市/南昌市/石家庄市,4
龙湖,龙湖塘鹅租售,民营企业,2000人以上,房产/家居/物业/建筑,11,全国,,4
龙湖,龙湖智创生活,民营企业,2000人以上,物业/家居/房产/建筑,688,全国,,4
龙湖,龙湖物业 ,民营企业,2000人以上,物业/家居/房产/建筑,160,福建,福州,4
龙湖,龙湖集团,民营企业,2000人以上,物业/家居/房产/建筑,47,湖南/北京,北京/长沙,4
